problem_id,validity_rate,coverage,mutation_score
HumanEval_0,,,
HumanEval_1,,,
HumanEval_2,,,
HumanEval_3,,,
HumanEval_4,,,
HumanEval_5,,,
HumanEval_6,,,
HumanEval_7,,,
HumanEval_8,,,
HumanEval_9,,,
HumanEval_10,,,
HumanEval_11,,,
HumanEval_12,,,
HumanEval_13,,,
HumanEval_14,,,
HumanEval_15,,,
HumanEval_16,,,
HumanEval_17,,,
HumanEval_18,,,
HumanEval_19,,,
HumanEval_20,,,
HumanEval_21,,,
HumanEval_22,,,
HumanEval_23,,,
HumanEval_24,,,
HumanEval_25,,,
HumanEval_26,,,
HumanEval_27,,,
HumanEval_28,,,
HumanEval_29,,,
HumanEval_30,,,
HumanEval_31,,,
HumanEval_32,,,
HumanEval_33,,,
HumanEval_34,,,
HumanEval_35,,,
HumanEval_36,,,
HumanEval_37,,,
HumanEval_38,,,
HumanEval_39,,,
HumanEval_40,,,
HumanEval_41,,,
HumanEval_42,,,
HumanEval_43,,,
HumanEval_44,,,
HumanEval_45,,,
HumanEval_46,,,
HumanEval_47,,,
HumanEval_48,,,
HumanEval_49,,,
HumanEval_50,,,
HumanEval_51,,,
HumanEval_52,,,
HumanEval_53,,,
HumanEval_54,,,
HumanEval_55,,,
HumanEval_56,,,
HumanEval_57,,,
HumanEval_58,,,
HumanEval_59,,,
HumanEval_60,,,
HumanEval_61,,,
HumanEval_62,,,
HumanEval_63,,,
HumanEval_64,,,
HumanEval_65,,,
HumanEval_66,,,
HumanEval_67,,,
HumanEval_68,,,
HumanEval_69,,,
HumanEval_70,,,
HumanEval_71,,,
HumanEval_72,,,
HumanEval_73,,,
HumanEval_74,,,
HumanEval_75,,,
HumanEval_76,,,
HumanEval_77,,,
HumanEval_78,,,
HumanEval_79,,,
HumanEval_80,,,
HumanEval_81,,,
HumanEval_82,,,
HumanEval_83,,,
HumanEval_84,,,
HumanEval_85,,,
HumanEval_86,,,
HumanEval_87,,,
HumanEval_88,,,
HumanEval_89,,,
HumanEval_90,,,
HumanEval_91,,,
HumanEval_92,,,
HumanEval_93,,,
HumanEval_94,,,
HumanEval_95,,,
HumanEval_96,,,
HumanEval_97,,,
HumanEval_98,,,
HumanEval_99,,,
HumanEval_100,,,
HumanEval_101,,,
HumanEval_102,,,
HumanEval_103,,,
HumanEval_104,,,
HumanEval_105,,,
HumanEval_106,,,
HumanEval_107,,,
HumanEval_108,,,
HumanEval_109,,,
HumanEval_110,,,
HumanEval_111,,,
HumanEval_112,,,
HumanEval_113,,,
HumanEval_114,,,
HumanEval_115,,,
HumanEval_116,,,
HumanEval_117,,,
HumanEval_118,,,
HumanEval_119,,,
HumanEval_120,,,
HumanEval_121,,,
HumanEval_122,,,
HumanEval_123,,,
HumanEval_124,,,
HumanEval_125,,,
HumanEval_126,,,
HumanEval_127,,,
HumanEval_128,,,
HumanEval_129,,,
HumanEval_130,,,
HumanEval_131,,,
HumanEval_132,,,
HumanEval_133,,,
HumanEval_134,,,
HumanEval_135,,,
HumanEval_136,,,
HumanEval_137,,,
HumanEval_138,,,
HumanEval_139,,,
HumanEval_140,,,
HumanEval_141,,,
HumanEval_142,,,
HumanEval_143,,,
HumanEval_144,,,
HumanEval_145,,,
HumanEval_146,,,
HumanEval_147,,,
HumanEval_148,,,
HumanEval_149,,,
HumanEval_150,,,
HumanEval_151,,,
HumanEval_152,,,
HumanEval_153,,,
HumanEval_154,,,
HumanEval_155,,,
HumanEval_156,,,
HumanEval_157,,,
HumanEval_158,,,
HumanEval_159,,,
HumanEval_160,,,
HumanEval_161,,,
HumanEval_162,,,
HumanEval_163,,,
